{
  "metadata": {
    "block": "topology",
    "datasets": [
      "Coauthor-Physics"
    ],
    "max_nodes": null,
    "methods": [
      "Louvain",
      "Leiden",
      "Infomap",
      "Spectral",
      "LabelPropagation",
      "SEClust-ConstrainedK"
    ],
    "neural_epochs": 200,
    "platform": "Linux-6.5.0-41-generic-x86_64-with-glibc2.39",
    "python": "3.12.3",
    "quick": false,
    "seeds": [
      0,
      1,
      2
    ],
    "timestamp": "20260510_153848"
  },
  "rows": [
    {
      "acc": 0.4263183834401183,
      "ari": 0.21756639024063548,
      "block": "topology",
      "dataset": "Coauthor-Physics",
      "map_equation": 12.489754934416982,
      "mean_conductance": 0.2428429159812187,
      "method": "Louvain",
      "modularity": 0.6652253402075772,
      "n_edges": 247962,
      "n_nodes": 34493,
      "nmi": 0.4575814821041524,
      "peak_rss_mb": 3043.046875,
      "pred_k": 22,
      "runtime_seconds": 18.233516216278076,
      "seed": 0,
      "source": "torch_geometric",
      "status": "ok",
      "structural_entropy": 11.651338318514886,
      "true_k": 5,
      "wall_seconds_including_scoring": 19.77834129333496
    },
    {
      "acc": 0.44939552952773026,
      "ari": 0.2393753349525005,
      "block": "topology",
      "dataset": "Coauthor-Physics",
      "map_equation": 12.463136993148495,
      "mean_conductance": 0.18683345503730125,
      "method": "Leiden",
      "modularity": 0.6817374577860865,
      "n_edges": 247962,
      "n_nodes": 34493,
      "nmi": 0.47699310417729557,
      "peak_rss_mb": 3043.046875,
      "pred_k": 31,
      "runtime_seconds": 3.6886870861053467,
      "seed": 0,
      "source": "torch_geometric",
      "status": "ok",
      "structural_entropy": 11.741665101928106,
      "true_k": 5,
      "wall_seconds_including_scoring": 5.265003204345703
    },
    {
      "acc": 0.035514452207694315,
      "ari": 0.007771732336602152,
      "block": "topology",
      "dataset": "Coauthor-Physics",
      "map_equation": 11.083351408932714,
      "mean_conductance": 0.4223993398775157,
      "method": "Infomap",
      "modularity": 0.5262492838042586,
      "n_edges": 247962,
      "n_nodes": 34493,
      "nmi": 0.2813919177716351,
      "peak_rss_mb": 3043.046875,
      "pred_k": 1164,
      "runtime_seconds": 5.16967511177063,
      "seed": 0,
      "source": "torch_geometric",
      "status": "ok",
      "structural_entropy": 9.803572605179253,
      "true_k": 5,
      "wall_seconds_including_scoring": 7.564389228820801
    },
    {
      "acc": 0.45493288493317485,
      "ari": -0.050528869268311724,
      "block": "topology",
      "dataset": "Coauthor-Physics",
      "map_equation": 14.474991019714338,
      "mean_conductance": 0.4971252509464075,
      "method": "Spectral",
      "modularity": 0.15048482371320993,
      "n_edges": 247962,
      "n_nodes": 34493,
      "nmi": 0.04262916615346292,
      "peak_rss_mb": 3043.046875,
      "pred_k": 5,
      "runtime_seconds": 11.517921209335327,
      "seed": 0,
      "source": "torch_geometric",
      "status": "ok",
      "structural_entropy": 13.917719416127486,
      "true_k": 5,
      "variant": "adjacency SVD + k-means fallback",
      "wall_seconds_including_scoring": 14.07339334487915
    },
    {
      "acc": 0.49201287217696343,
      "ari": 0.5389850825145549,
      "block": "topology",
      "dataset": "Coauthor-Physics",
      "map_equation": 12.810722594091853,
      "mean_conductance": 0.44765787582402405,
      "method": "LabelPropagation",
      "modularity": 0.3367081853891029,
      "n_edges": 247962,
      "n_nodes": 34493,
      "nmi": 0.3777423915401579,
      "peak_rss_mb": 3043.046875,
      "pred_k": 1590,
      "runtime_seconds": 15.01810073852539,
      "seed": 0,
      "source": "torch_geometric",
      "status": "ok",
      "structural_entropy": 12.492189328982635,
      "true_k": 5,
      "wall_seconds_including_scoring": 19.09479022026062
    },
    {
      "acc": 0.2710694923607688,
      "ari": 0.012740260297370472,
      "block": "topology",
      "dataset": "Coauthor-Physics",
      "map_equation": 14.09284465455944,
      "mean_conductance": 0.34364262439589305,
      "method": "SEClust-ConstrainedK",
      "modularity": 0.4556860963357345,
      "n_edges": 247962,
      "n_nodes": 34493,
      "nmi": 0.0287583859247535,
      "peak_rss_mb": 3043.046875,
      "pred_k": 5,
      "runtime_seconds": 18.137224912643433,
      "seclust_entropy": 12.991711756599837,
      "seclust_passes": 4,
      "seclust_starts": 2,
      "seed": 0,
      "source": "torch_geometric",
      "status": "ok",
      "structural_entropy": 12.991711756599932,
      "true_k": 5,
      "wall_seconds_including_scoring": 19.661436796188354
    },
    {
      "acc": 0.4123155422839417,
      "ari": 0.20886026620775572,
      "block": "topology",
      "dataset": "Coauthor-Physics",
      "map_equation": 12.547037178647209,
      "mean_conductance": 0.22184372506210004,
      "method": "Louvain",
      "modularity": 0.6658698560830415,
      "n_edges": 247962,
      "n_nodes": 34493,
      "nmi": 0.4463086003077253,
      "peak_rss_mb": 4548.25390625,
      "pred_k": 22,
      "runtime_seconds": 27.289326190948486,
      "seed": 1,
      "source": "torch_geometric",
      "status": "ok",
      "structural_entropy": 11.708359221382509,
      "true_k": 5,
      "wall_seconds_including_scoring": 28.83074164390564
    },
    {
      "acc": 0.4190125532716783,
      "ari": 0.2250712234857432,
      "block": "topology",
      "dataset": "Coauthor-Physics",
      "map_equation": 12.370087261951257,
      "mean_conductance": 0.18538540229522965,
      "method": "Leiden",
      "modularity": 0.6860408171692747,
      "n_edges": 247962,
      "n_nodes": 34493,
      "nmi": 0.485434787794929,
      "peak_rss_mb": 4548.25390625,
      "pred_k": 28,
      "runtime_seconds": 3.797245502471924,
      "seed": 1,
      "source": "torch_geometric",
      "status": "ok",
      "structural_entropy": 11.572532762644164,
      "true_k": 5,
      "wall_seconds_including_scoring": 5.362397193908691
    },
    {
      "acc": 0.035514452207694315,
      "ari": 0.007771732336602152,
      "block": "topology",
      "dataset": "Coauthor-Physics",
      "map_equation": 11.083351408932714,
      "mean_conductance": 0.4223993398775157,
      "method": "Infomap",
      "modularity": 0.5262492838042586,
      "n_edges": 247962,
      "n_nodes": 34493,
      "nmi": 0.2813919177716351,
      "peak_rss_mb": 4548.25390625,
      "pred_k": 1164,
      "runtime_seconds": 5.084695816040039,
      "seed": 1,
      "source": "torch_geometric",
      "status": "ok",
      "structural_entropy": 9.803572605179253,
      "true_k": 5,
      "wall_seconds_including_scoring": 7.481051921844482
    },
    {
      "acc": 0.45475893659583105,
      "ari": -0.05068824587352876,
      "block": "topology",
      "dataset": "Coauthor-Physics",
      "map_equation": 14.475146966301114,
      "mean_conductance": 0.4970255951180702,
      "method": "Spectral",
      "modularity": 0.1509224303221697,
      "n_edges": 247962,
      "n_nodes": 34493,
      "nmi": 0.042767682861250336,
      "peak_rss_mb": 4548.25390625,
      "pred_k": 5,
      "runtime_seconds": 10.170889854431152,
      "seed": 1,
      "source": "torch_geometric",
      "status": "ok",
      "structural_entropy": 13.916077905651049,
      "true_k": 5,
      "variant": "adjacency SVD + k-means fallback",
      "wall_seconds_including_scoring": 11.883270502090454
    },
    {
      "acc": 0.49265068274722407,
      "ari": 0.5505315651284746,
      "block": "topology",
      "dataset": "Coauthor-Physics",
      "map_equation": 12.77754877315655,
      "mean_conductance": 0.45542304589199506,
      "method": "LabelPropagation",
      "modularity": 0.34494169514948836,
      "n_edges": 247962,
      "n_nodes": 34493,
      "nmi": 0.37761270349842113,
      "peak_rss_mb": 4548.25390625,
      "pred_k": 1663,