{
  "metadata": {
    "block": "attributed",
    "datasets": [
      "Coauthor-CS",
      "Coauthor-Physics"
    ],
    "max_nodes": null,
    "methods": [
      "AdjSVDKMeans",
      "GAE",
      "SEClust-ConstrainedK"
    ],
    "neural_epochs": 10,
    "platform": "Linux-6.5.0-41-generic-x86_64-with-glibc2.39",
    "python": "3.12.3",
    "quick": false,
    "seeds": [
      0,
      1,
      2
    ],
    "timestamp": "20260510_152714"
  },
  "rows": [
    {
      "acc": 0.2689685267004855,
      "ari": 0.011104666983825782,
      "block": "attributed",
      "dataset": "Coauthor-CS",
      "embedding_dim": 32,
      "map_equation": 13.492176045443193,
      "mean_conductance": 0.5006557755895206,
      "method": "AdjSVDKMeans",
      "modularity": 0.1717337753345801,
      "n_edges": 81894,
      "n_nodes": 18333,
      "nmi": 0.11054751164839235,
      "peak_rss_mb": 1726.28125,
      "pred_k": 15,
      "runtime_seconds": 9.294640302658081,
      "seed": 0,
      "source": "torch_geometric",
      "status": "ok",
      "structural_entropy": 12.80423565252221,
      "true_k": 15,
      "wall_seconds_including_scoring": 11.150068283081055
    },
    {
      "acc": 0.457262859324715,
      "ari": 0.36168793686776807,
      "block": "attributed",
      "dataset": "Coauthor-CS",
      "embedding_dim": 64,
      "epochs": 10,
      "map_equation": 12.877001314445312,
      "mean_conductance": 0.4968423666727073,
      "method": "GAE",
      "modularity": 0.4571804368433517,
      "n_edges": 81894,
      "n_nodes": 18333,
      "nmi": 0.547584756156246,
      "peak_rss_mb": 1726.28125,
      "pred_k": 15,
      "runtime_seconds": 8.265012264251709,
      "seed": 0,
      "source": "torch_geometric",
      "status": "ok",
      "structural_entropy": 11.640125678390808,
      "true_k": 15,
      "wall_seconds_including_scoring": 9.08583402633667
    },
    {
      "acc": 0.1928762341133475,
      "ari": 0.04688071186080047,
      "block": "attributed",
      "dataset": "Coauthor-CS",
      "map_equation": 12.46957059402584,
      "mean_conductance": 0.39729254689693577,
      "method": "SEClust-ConstrainedK",
      "modularity": 0.5372590731834138,
      "n_edges": 81894,
      "n_nodes": 18333,
      "nmi": 0.10620436449645371,
      "peak_rss_mb": 1726.28125,
      "pred_k": 15,
      "runtime_seconds": 7.60823917388916,
      "seclust_entropy": 11.278591629127977,
      "seclust_passes": 4,
      "seclust_starts": 2,
      "seed": 0,
      "source": "torch_geometric",
      "status": "ok",
      "structural_entropy": 11.278591629127927,
      "true_k": 15,
      "wall_seconds_including_scoring": 8.294695615768433
    },
    {
      "acc": 0.2695685376097747,
      "ari": 0.011184115748682798,
      "block": "attributed",
      "dataset": "Coauthor-CS",
      "embedding_dim": 32,
      "map_equation": 13.48020870094271,
      "mean_conductance": 0.49477641017220375,
      "method": "AdjSVDKMeans",
      "modularity": 0.1738225956174195,
      "n_edges": 81894,
      "n_nodes": 18333,
      "nmi": 0.11228100666282889,
      "peak_rss_mb": 2409.2578125,
      "pred_k": 15,
      "runtime_seconds": 8.441381692886353,
      "seed": 1,
      "source": "torch_geometric",
      "status": "ok",
      "structural_entropy": 12.793655057080972,
      "true_k": 15,
      "wall_seconds_including_scoring": 9.233354091644287
    },
    {
      "acc": 0.4773904980090547,
      "ari": 0.44232623738031557,
      "block": "attributed",
      "dataset": "Coauthor-CS",
      "embedding_dim": 64,
      "epochs": 10,
      "map_equation": 13.138783389741663,
      "mean_conductance": 0.5063789625964169,
      "method": "GAE",
      "modularity": 0.4135156338514592,
      "n_edges": 81894,
      "n_nodes": 18333,
      "nmi": 0.5753210086449144,
      "peak_rss_mb": 2409.2578125,
      "pred_k": 15,
      "runtime_seconds": 8.54363751411438,
      "seed": 1,
      "source": "torch_geometric",
      "status": "ok",
      "structural_entropy": 11.764127685819192,
      "true_k": 15,
      "wall_seconds_including_scoring": 9.32288146018982
    },
    {
      "acc": 0.18109420171275842,
      "ari": 0.03396486726529559,
      "block": "attributed",
      "dataset": "Coauthor-CS",
      "map_equation": 12.554319147643149,
      "mean_conductance": 0.4091661194427311,
      "method": "SEClust-ConstrainedK",
      "modularity": 0.5226124540940567,
      "n_edges": 81894,
      "n_nodes": 18333,
      "nmi": 0.08710208700584882,
      "peak_rss_mb": 2409.2578125,
      "pred_k": 15,
      "runtime_seconds": 7.390835285186768,
      "seclust_entropy": 11.330645071766794,
      "seclust_passes": 4,
      "seclust_starts": 2,
      "seed": 1,
      "source": "torch_geometric",
      "status": "ok",
      "structural_entropy": 11.33064507176673,
      "true_k": 15,
      "wall_seconds_including_scoring": 8.073599338531494
    },
    {
      "acc": 0.261059291987127,
      "ari": 0.008122199601944114,
      "block": "attributed",
      "dataset": "Coauthor-CS",
      "embedding_dim": 32,
      "map_equation": 13.498125126441469,
      "mean_conductance": 0.5019689020602999,
      "method": "AdjSVDKMeans",
      "modularity": 0.17093899774930027,
      "n_edges": 81894,
      "n_nodes": 18333,
      "nmi": 0.10640646651929321,
      "peak_rss_mb": 2409.2578125,
      "pred_k": 15,
      "runtime_seconds": 11.159970045089722,
      "seed": 2,
      "source": "torch_geometric",
      "status": "ok",
      "structural_entropy": 12.784951505816531,
      "true_k": 15,
      "wall_seconds_including_scoring": 11.902730464935303
    },
    {
      "acc": 0.46511754759177437,
      "ari": 0.31981050819978163,
      "block": "attributed",
      "dataset": "Coauthor-CS",
      "embedding_dim": 64,
      "epochs": 10,
      "map_equation": 12.837436540306683,
      "mean_conductance": 0.42446515738815577,
      "method": "GAE",
      "modularity": 0.4646478752796452,
      "n_edges": 81894,
      "n_nodes": 18333,
      "nmi": 0.5441666444246772,
      "peak_rss_mb": 2409.2578125,
      "pred_k": 15,
      "runtime_seconds": 8.379945278167725,
      "seed": 2,
      "source": "torch_geometric",
      "status": "ok",
      "structural_entropy": 11.603965871242433,
      "true_k": 15,
      "wall_seconds_including_scoring": 9.172917127609253
    },
    {
      "acc": 0.1921671303114602,
      "ari": 0.0508554267823252,
      "block": "attributed",
      "dataset": "Coauthor-CS",
      "map_equation": 12.446341022948847,
      "mean_conductance": 0.39175831379317516,
      "method": "SEClust-ConstrainedK",
      "modularity": 0.540714440715339,
      "n_edges": 81894,
      "n_nodes": 18333,
      "nmi": 0.11061172421081628,
      "peak_rss_mb": 2409.2578125,
      "pred_k": 15,
      "runtime_seconds": 7.354578971862793,
      "seclust_entropy": 11.261834276111367,
      "seclust_passes": 4,
      "seclust_starts": 2,
      "seed": 2,
      "source": "torch_geometric",
      "status": "ok",
      "structural_entropy": 11.261834276111243,
      "true_k": 15,
      "wall_seconds_including_scoring": 8.03736925125122
    },
    {
      "acc": 0.45493288493317485,
      "ari": -0.050528869268311724,
      "block": "attributed",
      "dataset": "Coauthor-Physics",
      "embedding_dim": 32,
      "map_equation": 14.474991019714338,
      "mean_conductance": 0.4971252509464075,
      "method": "AdjSVDKMeans",
      "modularity": 0.15048482371320993,
      "n_edges": 247962,
      "n_nodes": 34493,
      "nmi": 0.04262916615346292,
      "peak_rss_mb": 3687.48046875,
      "pred_k": 5,
      "runtime_seconds": 10.379587411880493,
      "seed": 0,
      "source": "torch_geometric",
      "status": "ok",
      "structural_entropy": 13.917719416127486,
      "true_k": 5,
      "wall_seconds_including_scoring": 11.936565160751343
    },
    {
      "acc": 0.44690227002580235,
      "ari": 0.16803251806160008,
      "block": "attributed",
      "dataset": "Coauthor-Physics",
      "embedding_dim": 64,