{
  "metadata": {
    "block": "scale",
    "datasets": [
      "ogbn-arxiv"
    ],
    "max_nodes": null,
    "methods": [
      "Louvain",
      "Leiden",
      "SEClust-ConstrainedK"
    ],
    "neural_epochs": 200,
    "platform": "Linux-6.5.0-41-generic-x86_64-with-glibc2.39",
    "python": "3.12.3",
    "quick": false,
    "seeds": [
      0,
      1,
      2,
      3,
      4
    ],
    "timestamp": "20260510_185728"
  },
  "rows": [
    {
      "acc": 0.3555978103612195,
      "ari": 0.24473773192929918,
      "block": "scale",
      "dataset": "ogbn-arxiv",
      "map_equation": 13.384871543440005,
      "mean_conductance": 0.10474282549944386,
      "method": "Louvain",
      "modularity": 0.7085493439544491,
      "n_edges": 1157799,
      "n_nodes": 169343,
      "nmi": 0.39932624326472255,
      "peak_rss_mb": 2106.96484375,
      "pred_k": 158,
      "runtime_seconds": 89.87288355827332,
      "seed": 0,
      "source": "ogb.nodeproppred",
      "status": "ok",
      "structural_entropy": 12.640264850725982,
      "true_k": 40,
      "wall_seconds_including_scoring": 97.37810182571411
    },
    {
      "acc": 0.36763255640918135,
      "ari": 0.25333172442756197,
      "block": "scale",
      "dataset": "ogbn-arxiv",
      "map_equation": 13.343516441805704,
      "mean_conductance": 0.09474298454883533,
      "method": "Leiden",
      "modularity": 0.7148347887387324,
      "n_edges": 1157799,
      "n_nodes": 169343,
      "nmi": 0.41085576760618353,
      "peak_rss_mb": 2305.80078125,
      "pred_k": 157,
      "runtime_seconds": 17.27957034111023,
      "seed": 0,
      "source": "ogb.nodeproppred",
      "status": "ok",
      "structural_entropy": 12.601121161654225,
      "true_k": 40,
      "wall_seconds_including_scoring": 24.921412229537964
    },
    {
      "acc": 0.0921384409157745,
      "ari": 0.03055763262807771,
      "block": "scale",
      "dataset": "ogbn-arxiv",
      "map_equation": 13.981151515450822,
      "mean_conductance": 0.39245966293738493,
      "method": "SEClust-ConstrainedK",
      "modularity": 0.5674887062285544,
      "n_edges": 1157799,
      "n_nodes": 169343,
      "nmi": 0.10494290541267122,
      "peak_rss_mb": 2305.80078125,
      "pred_k": 40,
      "runtime_seconds": 190.89984130859375,
      "seclust_entropy": 12.793796910761301,
      "seclust_passes": 4,
      "seclust_starts": 2,
      "seed": 0,
      "source": "ogb.nodeproppred",
      "status": "ok",
      "structural_entropy": 12.793796910761843,
      "true_k": 40,
      "wall_seconds_including_scoring": 198.20056581497192
    },
    {
      "acc": 0.3578358715742605,
      "ari": 0.24512771409389125,
      "block": "scale",
      "dataset": "ogbn-arxiv",
      "map_equation": 13.376657181207529,
      "mean_conductance": 0.09457907463683342,
      "method": "Louvain",
      "modularity": 0.7077296903020448,
      "n_edges": 1157799,
      "n_nodes": 169343,
      "nmi": 0.3950670737911766,
      "peak_rss_mb": 2351.01953125,
      "pred_k": 137,
      "runtime_seconds": 103.03783750534058,
      "seed": 1,
      "source": "ogb.nodeproppred",
      "status": "ok",
      "structural_entropy": 12.61605820423559,
      "true_k": 40,
      "wall_seconds_including_scoring": 110.42362451553345
    },
    {
      "acc": 0.3688962637959644,
      "ari": 0.2564798334353729,
      "block": "scale",
      "dataset": "ogbn-arxiv",
      "map_equation": 13.32539614140636,
      "mean_conductance": 0.09020000271978751,
      "method": "Leiden",
      "modularity": 0.7155832883959816,
      "n_edges": 1157799,
      "n_nodes": 169343,
      "nmi": 0.40747859923185525,
      "peak_rss_mb": 2419.84375,
      "pred_k": 154,
      "runtime_seconds": 17.05010962486267,
      "seed": 1,
      "source": "ogb.nodeproppred",
      "status": "ok",
      "structural_entropy": 12.601170140339441,
      "true_k": 40,
      "wall_seconds_including_scoring": 24.570268392562866
    },
    {
      "acc": 0.11024370656005858,
      "ari": 0.03844890598218354,
      "block": "scale",
      "dataset": "ogbn-arxiv",
      "map_equation": 13.985694931152885,
      "mean_conductance": 0.38834444371127813,
      "method": "SEClust-ConstrainedK",
      "modularity": 0.5679191107673617,
      "n_edges": 1157799,
      "n_nodes": 169343,
      "nmi": 0.11046287852058893,
      "peak_rss_mb": 2419.84375,
      "pred_k": 40,
      "runtime_seconds": 187.43724822998047,
      "seclust_entropy": 12.792697849414612,
      "seclust_passes": 4,
      "seclust_starts": 2,
      "seed": 1,
      "source": "ogb.nodeproppred",
      "status": "ok",
      "structural_entropy": 12.792697849414303,
      "true_k": 40,
      "wall_seconds_including_scoring": 194.6465289592743
    },
    {
      "acc": 0.3957175673042287,
      "ari": 0.283593578076054,
      "block": "scale",
      "dataset": "ogbn-arxiv",
      "map_equation": 13.419763174853285,
      "mean_conductance": 0.0958664706503548,
      "method": "Louvain",
      "modularity": 0.7097413181165759,
      "n_edges": 1157799,
      "n_nodes": 169343,
      "nmi": 0.4072531533618698,
      "peak_rss_mb": 2664.890625,
      "pred_k": 158,
      "runtime_seconds": 113.22809743881226,
      "seed": 2,
      "source": "ogb.nodeproppred",
      "status": "ok",
      "structural_entropy": 12.68554944333142,
      "true_k": 40,
      "wall_seconds_including_scoring": 120.66942715644836
    },
    {
      "acc": 0.3450393579894061,
      "ari": 0.2417268146040334,
      "block": "scale",
      "dataset": "ogbn-arxiv",
      "map_equation": 13.331404761997666,
      "mean_conductance": 0.09233566295313465,
      "method": "Leiden",
      "modularity": 0.7161060208819395,
      "n_edges": 1157799,
      "n_nodes": 169343,
      "nmi": 0.4116745866109977,
      "peak_rss_mb": 2664.890625,
      "pred_k": 151,
      "runtime_seconds": 16.731348037719727,
      "seed": 2,
      "source": "ogb.nodeproppred",
      "status": "ok",
      "structural_entropy": 12.595338486080962,
      "true_k": 40,
      "wall_seconds_including_scoring": 24.296807765960693
    },
    {
      "acc": 0.11648547622281405,
      "ari": 0.04193647058237907,
      "block": "scale",
      "dataset": "ogbn-arxiv",
      "map_equation": 13.983005049368014,
      "mean_conductance": 0.38541652715873653,
      "method": "SEClust-ConstrainedK",
      "modularity": 0.5699745148294072,
      "n_edges": 1157799,
      "n_nodes": 169343,
      "nmi": 0.11170362503078762,
      "peak_rss_mb": 2664.890625,
      "pred_k": 40,
      "runtime_seconds": 187.51928687095642,
      "seclust_entropy": 12.791611617849718,
      "seclust_passes": 4,
      "seclust_starts": 2,
      "seed": 2,
      "source": "ogb.nodeproppred",
      "status": "ok",
      "structural_entropy": 12.79161161784991,
      "true_k": 40,
      "wall_seconds_including_scoring": 194.79832792282104
    },
    {
      "acc": 0.3659141505701446,
      "ari": 0.24299141258534615,
      "block": "scale",
      "dataset": "ogbn-arxiv",
      "map_equation": 13.422700660605294,
      "mean_conductance": 0.10145400551501338,
      "method": "Louvain",
      "modularity": 0.7074113067857339,
      "n_edges": 1157799,
      "n_nodes": 169343,
      "nmi": 0.39267610928632246,
      "peak_rss_mb": 2664.890625,
      "pred_k": 161,
      "runtime_seconds": 90.3036162853241,
      "seed": 3,
      "source": "ogb.nodeproppred",
      "status": "ok",
      "structural_entropy": 12.66960181043687,
      "true_k": 40,
      "wall_seconds_including_scoring": 97.70819473266602
    },
    {
      "acc": 0.36968755720637997,
      "ari": 0.256914200981235,
      "block": "scale",
      "dataset": "ogbn-arxiv",
      "map_equation": 13.333057217548781,
      "mean_conductance": 0.10453868237839588,
      "method": "Leiden",
      "modularity": 0.7152233247457288,
      "n_edges": 1157799,
      "n_nodes": 169343,
      "nmi": 0.4133732635963874,
      "peak_rss_mb": 2664.890625,
      "pred_k": 168,