{
  "metadata": {
    "block": "attributed",
    "datasets": [
      "Cora",
      "Citeseer"
    ],
    "max_nodes": null,
    "methods": [
      "DMoN",
      "MinCutPool"
    ],
    "neural_epochs": 10,
    "platform": "Linux-6.5.0-41-generic-x86_64-with-glibc2.39",
    "python": "3.12.3",
    "quick": false,
    "seeds": [
      0,
      1,
      2
    ],
    "timestamp": "20260510_153329"
  },
  "rows": [
    {
      "acc": 0.3068685376661743,
      "ari": 0.0684713992514953,
      "block": "attributed",
      "dataset": "Cora",
      "dense_pooling": true,
      "epochs": 10,
      "map_equation": 11.071554267127519,
      "mean_conductance": 0.551376719553874,
      "method": "DMoN",
      "modularity": 0.2982768887304304,
      "n_edges": 5278,
      "n_nodes": 2708,
      "nmi": 0.1055143938952687,
      "peak_rss_mb": 838.23828125,
      "pred_k": 7,
      "runtime_seconds": 0.22669744491577148,
      "seed": 0,
      "source": "torch_geometric",
      "status": "ok",
      "structural_entropy": 9.67177400749318,
      "true_k": 7,
      "wall_seconds_including_scoring": 0.41532278060913086
    },
    {
      "acc": 0.24889217134416544,
      "ari": 0.0017220058972904292,
      "block": "attributed",
      "dataset": "Cora",
      "dense_pooling": true,
      "epochs": 10,
      "map_equation": 11.260322573605762,
      "mean_conductance": 0.6182237339781542,
      "method": "MinCutPool",
      "modularity": 0.17965249232480812,
      "n_edges": 5278,
      "n_nodes": 2708,
      "nmi": 0.01711179486983977,
      "peak_rss_mb": 921.07421875,
      "pred_k": 6,
      "runtime_seconds": 0.3564920425415039,
      "seed": 0,
      "source": "torch_geometric",
      "status": "ok",
      "structural_entropy": 10.187437957102405,
      "true_k": 7,
      "wall_seconds_including_scoring": 0.48860692977905273
    },
    {
      "acc": 0.22082717872968982,
      "ari": 0.004919731625729556,
      "block": "attributed",
      "dataset": "Cora",
      "dense_pooling": true,
      "epochs": 10,
      "map_equation": 11.194821810089117,
      "mean_conductance": 0.5939733323375533,
      "method": "DMoN",
      "modularity": 0.2187340481577457,
      "n_edges": 5278,
      "n_nodes": 2708,
      "nmi": 0.06038782268760534,
      "peak_rss_mb": 934.421875,
      "pred_k": 7,
      "runtime_seconds": 0.22953128814697266,
      "seed": 1,
      "source": "torch_geometric",
      "status": "ok",
      "structural_entropy": 9.918323394363377,
      "true_k": 7,
      "wall_seconds_including_scoring": 0.36435437202453613
    },
    {
      "acc": 0.2625553914327917,
      "ari": 0.011323719878728909,
      "block": "attributed",
      "dataset": "Cora",
      "dense_pooling": true,
      "epochs": 10,
      "map_equation": 11.147120114926878,
      "mean_conductance": 0.5281622053756885,
      "method": "MinCutPool",
      "modularity": 0.21052036156862963,
      "n_edges": 5278,
      "n_nodes": 2708,
      "nmi": 0.019685363546216254,
      "peak_rss_mb": 966.44921875,
      "pred_k": 4,
      "runtime_seconds": 0.3399538993835449,
      "seed": 1,
      "source": "torch_geometric",
      "status": "ok",
      "structural_entropy": 10.11383051819318,
      "true_k": 7,
      "wall_seconds_including_scoring": 0.4734385013580322
    },
    {
      "acc": 0.2555391432791728,
      "ari": 0.0070345211623741325,
      "block": "attributed",
      "dataset": "Cora",
      "dense_pooling": true,
      "epochs": 10,
      "map_equation": 11.18531768115731,
      "mean_conductance": 0.6205632286821791,
      "method": "DMoN",
      "modularity": 0.18666157476084172,
      "n_edges": 5278,
      "n_nodes": 2708,
      "nmi": 0.04815936354630707,
      "peak_rss_mb": 966.44921875,
      "pred_k": 7,
      "runtime_seconds": 0.22258710861206055,
      "seed": 2,
      "source": "torch_geometric",
      "status": "ok",
      "structural_entropy": 10.034466468223041,
      "true_k": 7,
      "wall_seconds_including_scoring": 0.3576364517211914
    },
    {
      "acc": 0.25036927621861155,
      "ari": 0.001026991459770231,
      "block": "attributed",
      "dataset": "Cora",
      "dense_pooling": true,
      "epochs": 10,
      "map_equation": 11.239796484383804,
      "mean_conductance": 0.6325862587123011,
      "method": "MinCutPool",
      "modularity": 0.19864432943283344,
      "n_edges": 5278,
      "n_nodes": 2708,
      "nmi": 0.01391667524999632,
      "peak_rss_mb": 1022.1796875,
      "pred_k": 6,
      "runtime_seconds": 0.35452699661254883,
      "seed": 2,
      "source": "torch_geometric",
      "status": "ok",
      "structural_entropy": 10.077679467113933,
      "true_k": 7,
      "wall_seconds_including_scoring": 0.507915735244751
    },
    {
      "acc": 0.3802224226029456,
      "ari": 0.10762208639905733,
      "block": "attributed",
      "dataset": "Citeseer",
      "dense_pooling": true,
      "epochs": 10,
      "map_equation": 10.78872390504921,
      "mean_conductance": 0.4380166875971983,
      "method": "DMoN",
      "modularity": 0.4145065486191975,
      "n_edges": 4552,
      "n_nodes": 3327,
      "nmi": 0.1256043617967514,
      "peak_rss_mb": 1081.015625,
      "pred_k": 6,
      "runtime_seconds": 0.42124390602111816,
      "seed": 0,
      "source": "torch_geometric",
      "status": "ok",
      "structural_entropy": 9.768438364889692,
      "true_k": 6,
      "wall_seconds_including_scoring": 0.5727565288543701
    },
    {
      "acc": 0.23354373309287646,
      "ari": 0.005581724803189536,
      "block": "attributed",
      "dataset": "Citeseer",
      "dense_pooling": true,
      "epochs": 10,
      "map_equation": 11.032918867850142,
      "mean_conductance": 0.4452173543124345,
      "method": "MinCutPool",
      "modularity": 0.17915783652910638,
      "n_edges": 4552,
      "n_nodes": 3327,
      "nmi": 0.014294299423317265,
      "peak_rss_mb": 1098.27734375,
      "pred_k": 6,
      "runtime_seconds": 0.6100335121154785,
      "seed": 0,
      "source": "torch_geometric",
      "status": "ok",
      "structural_entropy": 10.496776354226999,
      "true_k": 6,
      "wall_seconds_including_scoring": 0.7541508674621582
    },
    {
      "acc": 0.33393447550345656,
      "ari": 0.08330461949596421,
      "block": "attributed",
      "dataset": "Citeseer",
      "dense_pooling": true,
      "epochs": 10,
      "map_equation": 10.960698432205469,
      "mean_conductance": 0.4469517810401795,
      "method": "DMoN",
      "modularity": 0.3834911207650087,
      "n_edges": 4552,
      "n_nodes": 3327,
      "nmi": 0.09333974099106424,
      "peak_rss_mb": 1107.41015625,
      "pred_k": 6,
      "runtime_seconds": 0.41562557220458984,
      "seed": 1,
      "source": "torch_geometric",
      "status": "ok",
      "structural_entropy": 9.769580896715397,
      "true_k": 6,
      "wall_seconds_including_scoring": 0.5859291553497314
    },
    {
      "acc": 0.2681094078749624,
      "ari": 0.03174414427259975,
      "block": "attributed",
      "dataset": "Citeseer",
      "dense_pooling": true,
      "epochs": 10,
      "map_equation": 11.057336739678115,
      "mean_conductance": 0.430319279645643,
      "method": "MinCutPool",
      "modularity": 0.32024662385988434,
      "n_edges": 4552,
      "n_nodes": 3327,
      "nmi": 0.04802760110140596,
      "peak_rss_mb": 1151.41796875,
      "pred_k": 6,
      "runtime_seconds": 0.6190497875213623,
      "seed": 1,
      "source": "torch_geometric",
      "status": "ok",
      "structural_entropy": 9.98397877087137,
      "true_k": 6,
      "wall_seconds_including_scoring": 0.7678322792053223
    },
    {
      "acc": 0.2969642320408777,
      "ari": 0.06616449148325208,
      "block": "attributed",
      "dataset": "Citeseer",
      "dense_pooling": true,
      "epochs": 10,
      "map_equation": 10.821673155038088,
      "mean_conductance": 0.3949772042546536,
      "method": "DMoN",
      "modularity": 0.41537481062419507,
      "n_edges": 4552,
      "n_nodes": 3327,