{
  "metadata": {
    "block": "attributed",
    "datasets": [
      "Computers"
    ],
    "max_nodes": null,
    "methods": [
      "AdjSVDKMeans",
      "GAE",
      "SEClust-ConstrainedK"
    ],
    "neural_epochs": 10,
    "platform": "Linux-6.5.0-41-generic-x86_64-with-glibc2.39",
    "python": "3.12.3",
    "quick": false,
    "seeds": [
      6,
      7,
      8,
      9
    ],
    "timestamp": "20260511_065243"
  },
  "rows": [
    {
      "acc": 0.2284758580570099,
      "ari": -0.07650488523315914,
      "block": "attributed",
      "dataset": "Computers",
      "embedding_dim": 32,
      "map_equation": 12.847472823645157,
      "mean_conductance": 0.5717784769582774,
      "method": "AdjSVDKMeans",
      "modularity": 0.29374208604980384,
      "n_edges": 245861,
      "n_nodes": 13752,
      "nmi": 0.12207301378473596,
      "peak_rss_mb": 930.27734375,
      "pred_k": 10,
      "runtime_seconds": 4.074111223220825,
      "seed": 6,
      "source": "torch_geometric",
      "status": "ok",
      "structural_entropy": 11.64224092444425,
      "true_k": 10,
      "wall_seconds_including_scoring": 15.145709753036499
    },
    {
      "acc": 0.19015415939499708,
      "ari": 0.023500924475192843,
      "block": "attributed",
      "dataset": "Computers",
      "embedding_dim": 64,
      "epochs": 10,
      "map_equation": 14.273765085789814,
      "mean_conductance": 0.888904049307094,
      "method": "GAE",
      "modularity": 0.004649945793696488,
      "n_edges": 245861,
      "n_nodes": 13752,
      "nmi": 0.03750232838477796,
      "peak_rss_mb": 1772.21484375,
      "pred_k": 10,
      "runtime_seconds": 12.729703187942505,
      "seed": 6,
      "source": "torch_geometric",
      "status": "ok",
      "structural_entropy": 12.414650355814357,
      "true_k": 10,
      "wall_seconds_including_scoring": 22.886519193649292
    },
    {
      "acc": 0.36940081442699246,
      "ari": 0.13886975321393752,
      "block": "attributed",
      "dataset": "Computers",
      "map_equation": 11.670019997069954,
      "mean_conductance": 0.3056382321112202,
      "method": "SEClust-ConstrainedK",
      "modularity": 0.5559066809426154,
      "n_edges": 245861,
      "n_nodes": 13752,
      "nmi": 0.2643639816998753,
      "peak_rss_mb": 1772.21484375,
      "pred_k": 10,
      "runtime_seconds": 7.434638977050781,
      "seclust_entropy": 10.653294832399196,
      "seclust_passes": 4,
      "seclust_starts": 2,
      "seed": 6,
      "source": "torch_geometric",
      "status": "ok",
      "structural_entropy": 10.65329483239917,
      "true_k": 10,
      "wall_seconds_including_scoring": 17.34180235862732
    },
    {
      "acc": 0.22723967422920302,
      "ari": -0.07613194743104347,
      "block": "attributed",
      "dataset": "Computers",
      "embedding_dim": 32,
      "map_equation": 12.85997357503034,
      "mean_conductance": 0.5685670937319774,
      "method": "AdjSVDKMeans",
      "modularity": 0.2924066886779641,
      "n_edges": 245861,
      "n_nodes": 13752,
      "nmi": 0.1256898008097245,
      "peak_rss_mb": 1772.21484375,
      "pred_k": 10,
      "runtime_seconds": 4.008946895599365,
      "seed": 7,
      "source": "torch_geometric",
      "status": "ok",
      "structural_entropy": 11.641464505006152,
      "true_k": 10,
      "wall_seconds_including_scoring": 14.041646718978882
    },
    {
      "acc": 0.1869546247818499,
      "ari": 0.021509188216371752,
      "block": "attributed",
      "dataset": "Computers",
      "embedding_dim": 64,
      "epochs": 10,
      "map_equation": 14.272184806365456,
      "mean_conductance": 0.8884501437026662,
      "method": "GAE",
      "modularity": 0.00449668657910785,
      "n_edges": 245861,
      "n_nodes": 13752,
      "nmi": 0.03724362338481662,
      "peak_rss_mb": 1822.40234375,
      "pred_k": 10,
      "runtime_seconds": 12.553165674209595,
      "seed": 7,
      "source": "torch_geometric",
      "status": "ok",
      "structural_entropy": 12.413727289708198,
      "true_k": 10,
      "wall_seconds_including_scoring": 22.803240537643433
    },
    {
      "acc": 0.3416230366492147,
      "ari": 0.15352587591602052,
      "block": "attributed",
      "dataset": "Computers",
      "map_equation": 11.708546158012522,
      "mean_conductance": 0.3104783966421533,
      "method": "SEClust-ConstrainedK",
      "modularity": 0.5514090879756344,
      "n_edges": 245861,
      "n_nodes": 13752,
      "nmi": 0.2926417101721588,
      "peak_rss_mb": 1822.40234375,
      "pred_k": 10,
      "runtime_seconds": 7.4104437828063965,
      "seclust_entropy": 10.672791152500077,
      "seclust_passes": 4,
      "seclust_starts": 2,
      "seed": 7,
      "source": "torch_geometric",
      "status": "ok",
      "structural_entropy": 10.672791152500036,
      "true_k": 10,
      "wall_seconds_including_scoring": 17.44849944114685
    },
    {
      "acc": 0.2449825479930192,
      "ari": -0.07499548155122088,
      "block": "attributed",
      "dataset": "Computers",
      "embedding_dim": 32,
      "map_equation": 12.898937723612434,
      "mean_conductance": 0.6396790907122536,
      "method": "AdjSVDKMeans",
      "modularity": 0.278643167762117,
      "n_edges": 245861,
      "n_nodes": 13752,
      "nmi": 0.11296444015992148,
      "peak_rss_mb": 1822.40234375,
      "pred_k": 10,
      "runtime_seconds": 4.069485425949097,
      "seed": 8,
      "source": "torch_geometric",
      "status": "ok",
      "structural_entropy": 11.747775887195955,
      "true_k": 10,
      "wall_seconds_including_scoring": 14.03515338897705
    },
    {
      "acc": 0.18826352530541013,
      "ari": 0.02129297758118303,
      "block": "attributed",
      "dataset": "Computers",
      "embedding_dim": 64,
      "epochs": 10,
      "map_equation": 14.269199472218112,
      "mean_conductance": 0.8881366813240839,
      "method": "GAE",
      "modularity": 0.004778104719541917,
      "n_edges": 245861,
      "n_nodes": 13752,
      "nmi": 0.037470785891953066,
      "peak_rss_mb": 1822.40234375,
      "pred_k": 10,
      "runtime_seconds": 13.067331075668335,
      "seed": 8,
      "source": "torch_geometric",
      "status": "ok",
      "structural_entropy": 12.412190295820164,
      "true_k": 10,
      "wall_seconds_including_scoring": 23.181605339050293
    },
    {
      "acc": 0.3703461314717859,
      "ari": 0.1449310147433024,
      "block": "attributed",
      "dataset": "Computers",
      "map_equation": 11.637688758375786,
      "mean_conductance": 0.2972623691627071,
      "method": "SEClust-ConstrainedK",
      "modularity": 0.563847124463903,
      "n_edges": 245861,
      "n_nodes": 13752,
      "nmi": 0.2870756784209264,
      "peak_rss_mb": 1822.40234375,
      "pred_k": 10,
      "runtime_seconds": 7.3602564334869385,
      "seclust_entropy": 10.634132306096562,
      "seclust_passes": 4,
      "seclust_starts": 2,
      "seed": 8,
      "source": "torch_geometric",
      "status": "ok",
      "structural_entropy": 10.634132306096477,
      "true_k": 10,
      "wall_seconds_including_scoring": 17.465423822402954
    },
    {
      "acc": 0.24171029668411867,
      "ari": -0.07590312783077684,
      "block": "attributed",
      "dataset": "Computers",
      "embedding_dim": 32,
      "map_equation": 12.851594969283234,
      "mean_conductance": 0.59192746645698,
      "method": "AdjSVDKMeans",
      "modularity": 0.2881355915256377,
      "n_edges": 245861,
      "n_nodes": 13752,
      "nmi": 0.11571110745057822,
      "peak_rss_mb": 1822.40234375,
      "pred_k": 10,
      "runtime_seconds": 3.9930601119995117,
      "seed": 9,
      "source": "torch_geometric",
      "status": "ok",
      "structural_entropy": 11.699381231522164,
      "true_k": 10,
      "wall_seconds_including_scoring": 14.042042255401611
    },
    {
      "acc": 0.18753635834787669,
      "ari": 0.021363202935763173,
      "block": "attributed",
      "dataset": "Computers",
      "embedding_dim": 64,