{
  "metadata": {
    "block": "topology",
    "checkpoint": true,
    "datasets": [
      "LFR"
    ],
    "methods": [
      "Louvain",
      "Leiden",
      "Infomap",
      "Spectral",
      "LabelPropagation",
      "SEClust-ConstrainedK",
      "HCSE"
    ],
    "platform": "Linux-6.5.0-41-generic-x86_64-with-glibc2.39",
    "python": "3.12.3",
    "quick": false,
    "rows_completed": 21,
    "seeds": [
      4,
      5,
      7
    ]
  },
  "rows": [
    {
      "acc": 0.955,
      "ari": 0.9938635938343118,
      "block": "topology",
      "dataset": "LFR",
      "map_equation": 7.826064604469304,
      "mean_conductance": 0.21511853361417083,
      "method": "Louvain",
      "modularity": 0.6729245773873422,
      "n_edges": 9574,
      "n_nodes": 1000,
      "nmi": 0.9853984058935532,
      "peak_rss_mb": 265.81640625,
      "pred_k": 18,
      "runtime_seconds": 0.14695453643798828,
      "seed": 4,
      "source": "networkx LFR tau1=2.8 tau2=1.8 mu=0.12 avg_degree=18 min_community=10",
      "status": "ok",
      "structural_entropy": 7.127907401303095,
      "true_k": 22,
      "wall_seconds_including_scoring": 0.19886183738708496
    },
    {
      "acc": 0.955,
      "ari": 0.9938635938343118,
      "block": "topology",
      "dataset": "LFR",
      "map_equation": 7.826064604469304,
      "mean_conductance": 0.21511853361417085,
      "method": "Leiden",
      "modularity": 0.6729245773873421,
      "n_edges": 9574,
      "n_nodes": 1000,
      "nmi": 0.9853984058935532,
      "peak_rss_mb": 267.78515625,
      "pred_k": 18,
      "runtime_seconds": 0.06472635269165039,
      "seed": 4,
      "source": "networkx LFR tau1=2.8 tau2=1.8 mu=0.12 avg_degree=18 min_community=10",
      "status": "ok",
      "structural_entropy": 7.127907401303095,
      "true_k": 22,
      "wall_seconds_including_scoring": 0.11677217483520508
    },
    {
      "acc": 1.0,
      "ari": 1.0,
      "block": "topology",
      "dataset": "LFR",
      "map_equation": 7.786834893939159,
      "mean_conductance": 0.2254896213288121,
      "method": "Infomap",
      "modularity": 0.6726874875983888,
      "n_edges": 9574,
      "n_nodes": 1000,
      "nmi": 0.9999999999999998,
      "peak_rss_mb": 273.25390625,
      "pred_k": 22,
      "runtime_seconds": 0.09581971168518066,
      "seed": 4,
      "source": "networkx LFR tau1=2.8 tau2=1.8 mu=0.12 avg_degree=18 min_community=10",
      "status": "ok",
      "structural_entropy": 7.087467579217305,
      "true_k": 22,
      "wall_seconds_including_scoring": 0.1525568962097168
    },
    {
      "acc": 1.0,
      "ari": 1.0,
      "block": "topology",
      "dataset": "LFR",
      "map_equation": 7.786834893939159,
      "mean_conductance": 0.22548962132881212,
      "method": "Spectral",
      "modularity": 0.6726874875983887,
      "n_edges": 9574,
      "n_nodes": 1000,
      "nmi": 0.9999999999999998,
      "peak_rss_mb": 331.37109375,
      "pred_k": 22,
      "runtime_seconds": 0.3172307014465332,
      "seed": 4,
      "source": "networkx LFR tau1=2.8 tau2=1.8 mu=0.12 avg_degree=18 min_community=10",
      "status": "ok",
      "structural_entropy": 7.087467579217305,
      "true_k": 22,
      "variant": "normalized spectral clustering",
      "wall_seconds_including_scoring": 1.2150542736053467
    },
    {
      "acc": 1.0,
      "ari": 1.0,
      "block": "topology",
      "dataset": "LFR",
      "map_equation": 7.786834893939158,
      "mean_conductance": 0.2254896213288121,
      "method": "LabelPropagation",
      "modularity": 0.6726874875983888,
      "n_edges": 9574,
      "n_nodes": 1000,
      "nmi": 0.9999999999999998,
      "peak_rss_mb": 331.37109375,
      "pred_k": 22,
      "runtime_seconds": 0.05119609832763672,
      "seed": 4,
      "source": "networkx LFR tau1=2.8 tau2=1.8 mu=0.12 avg_degree=18 min_community=10",
      "status": "ok",
      "structural_entropy": 7.087467579217305,
      "true_k": 22,
      "wall_seconds_including_scoring": 0.1331477165222168
    },
    {
      "acc": 0.876,
      "ari": 0.9315374880067863,
      "block": "topology",
      "dataset": "LFR",
      "map_equation": 7.9997399678213785,
      "mean_conductance": 0.32240102738309007,
      "method": "SEClust-ConstrainedK",
      "modularity": 0.6445985606864983,
      "n_edges": 9574,
      "n_nodes": 1000,
      "nmi": 0.9393184357264248,
      "peak_rss_mb": 436.66015625,
      "pred_k": 17,
      "runtime_seconds": 0.7917728424072266,
      "seclust_entropy": 7.247377520374677,
      "seclust_passes": 4,
      "seclust_starts": 2,
      "seed": 4,
      "source": "networkx LFR tau1=2.8 tau2=1.8 mu=0.12 avg_degree=18 min_community=10",
      "status": "ok",
      "structural_entropy": 7.247377520374689,
      "true_k": 22,
      "wall_seconds_including_scoring": 0.8428747653961182
    },
    {
      "acc": 0.386,
      "ari": 0.23585647677202062,
      "block": "topology",
      "dataset": "LFR",
      "map_equation": 9.285969895571316,
      "mean_conductance": 0.11627906976744186,
      "method": "HCSE",
      "modularity": 0.3895202767627264,
      "n_edges": 9574,
      "n_nodes": 1000,
      "nmi": 0.4239966461256414,
      "peak_rss_mb": 567.68359375,
      "pred_k": 2,
      "runtime_seconds": 18.887677907943726,
      "seed": 4,
      "source": "networkx LFR tau1=2.8 tau2=1.8 mu=0.12 avg_degree=18 min_community=10",
      "status": "ok",
      "structural_entropy": 8.81414813734125,
      "true_k": 22,
      "wall_seconds_including_scoring": 18.945801734924316
    },
    {
      "acc": 0.396,
      "ari": 0.13268203663687422,
      "block": "topology",
      "dataset": "LFR",
      "map_equation": 9.889083338997873,
      "mean_conductance": 0.697067392149576,
      "method": "Louvain",
      "modularity": 0.18330278840847367,
      "n_edges": 15649,
      "n_nodes": 1000,
      "nmi": 0.5104148671050476,
      "peak_rss_mb": 567.68359375,
      "pred_k": 13,
      "runtime_seconds": 0.32307863235473633,
      "seed": 5,
      "source": "networkx LFR tau1=2.2 tau2=1.4 mu=0.2 avg_degree=20 min_community=10",
      "status": "ok",
      "structural_entropy": 8.239327861165629,
      "true_k": 11,
      "wall_seconds_including_scoring": 0.37552380561828613
    },
    {
      "acc": 0.392,
      "ari": 0.1333920435473476,
      "block": "topology",
      "dataset": "LFR",
      "map_equation": 9.893777533244538,
      "mean_conductance": 0.7044756811178838,
      "method": "Leiden",
      "modularity": 0.1850320624627097,
      "n_edges": 15649,
      "n_nodes": 1000,
      "nmi": 0.4647549213601266,
      "peak_rss_mb": 567.68359375,
      "pred_k": 11,
      "runtime_seconds": 0.1637423038482666,
      "seed": 5,
      "source": "networkx LFR tau1=2.2 tau2=1.4 mu=0.2 avg_degree=20 min_community=10",
      "status": "ok",
      "structural_entropy": 8.254877926197102,
      "true_k": 11,
      "wall_seconds_including_scoring": 0.21579718589782715
    },
    {
      "acc": 0.72,
      "ari": 0.0,
      "block": "topology",
      "dataset": "LFR",
      "map_equation": 9.223218841502375,
      "mean_conductance": null,
      "method": "Infomap",
      "modularity": 0.0,
      "n_edges": 15649,
      "n_nodes": 1000,
      "nmi": 0.0,
      "peak_rss_mb": 567.68359375,
      "pred_k": 1,
      "runtime_seconds": 0.11107802391052246,
      "seed": 5,
      "source": "networkx LFR tau1=2.2 tau2=1.4 mu=0.2 avg_degree=20 min_community=10",
      "status": "ok",
      "structural_entropy": 9.223218841502357,
      "true_k": 11,
      "wall_seconds_including_scoring": 0.16461491584777832
    },
    {
      "acc": 0.758,
      "ari": 0.5311072262964003,
      "block": "topology",
      "dataset": "LFR",
      "map_equation": 9.602834489099392,
      "mean_conductance": 0.6308812143473023,
      "method": "Spectral",
      "modularity": 0.1586930618221763,
      "n_edges": 15649,
      "n_nodes": 1000,
      "nmi": 0.7775620397996764,
      "peak_rss_mb": 567.68359375,
      "pred_k": 11,